name,class,clade
ARNOLD1,other,other
ARNOLD2,other,other
ARNOLD3,other,other
ARNOLD4,other,other
ARNOLDY1,MuDR,DNA transposon
ARNOLDY2,MuDR,DNA transposon
AT10MU1,MuDR,DNA transposon
AT9MU1,MuDR,DNA transposon
AT9NMU1,MuDR,DNA transposon
AT9TSD1,MuDR,DNA transposon
ATCOPI1_I,Copia,LTR Retrotransposon
ATCOPI1_LTR,Copia,LTR Retrotransposon
ATCOPIA10_I,Copia,LTR Retrotransposon
ATCOPIA10_LTR,Copia,LTR Retrotransposon
ATCOPIA11I,Copia,LTR Retrotransposon
ATCOPIA11LTR,Copia,LTR Retrotransposon
ATCOPIA12I,Copia,LTR Retrotransposon
ATCOPIA12LTR,Copia,LTR Retrotransposon
ATCOPIA13I,Copia,LTR Retrotransposon
ATCOPIA13LTR,Copia,LTR Retrotransposon
ATCOPIA14I,Copia,LTR Retrotransposon
ATCOPIA14LTR,Copia,LTR Retrotransposon
ATCOPIA15I,Copia,LTR Retrotransposon
ATCOPIA15LTR,Copia,LTR Retrotransposon
ATCOPIA16I,Copia,LTR Retrotransposon
ATCOPIA16LTR,Copia,LTR Retrotransposon
ATCOPIA17I,Copia,LTR Retrotransposon
ATCOPIA17LTR,Copia,LTR Retrotransposon
ATCOPIA18ALTR,Copia,LTR Retrotransposon
ATCOPIA18A_I,Copia,LTR Retrotransposon
ATCOPIA18I,Copia,LTR Retrotransposon
ATCOPIA18LTR,Copia,LTR Retrotransposon
ATCOPIA19I,Copia,LTR Retrotransposon
ATCOPIA19LTR,Copia,LTR Retrotransposon
ATCOPIA1I,Copia,LTR Retrotransposon
ATCOPIA1LTR,Copia,LTR Retrotransposon
ATCOPIA20I,Copia,LTR Retrotransposon
ATCOPIA20LTR,Copia,LTR Retrotransposon
ATCOPIA21I,Copia,LTR Retrotransposon
ATCOPIA21LTR,Copia,LTR Retrotransposon
ATCOPIA22I,Copia,LTR Retrotransposon
ATCOPIA22LTR,Copia,LTR Retrotransposon
ATCOPIA23_I,Copia,LTR Retrotransposon
ATCOPIA23_LTR,Copia,LTR Retrotransposon
ATCOPIA24I,Copia,LTR Retrotransposon
ATCOPIA24LTR,Copia,LTR Retrotransposon
ATCOPIA25I,Copia,LTR Retrotransposon
ATCOPIA25LTR,Copia,LTR Retrotransposon
ATCOPIA26I,Copia,LTR Retrotransposon
ATCOPIA26LTR,Copia,LTR Retrotransposon
ATCOPIA27_I,Copia,LTR Retrotransposon
ATCOPIA27_LTR,Copia,LTR Retrotransposon
ATCOPIA28_I,Copia,LTR Retrotransposon
ATCOPIA28_LTR,Copia,LTR Retrotransposon
ATCOPIA29_I,Copia,LTR Retrotransposon
ATCOPIA29_LTR,Copia,LTR Retrotransposon
ATCOPIA2I,Copia,LTR Retrotransposon
ATCOPIA2LTR,Copia,LTR Retrotransposon
ATCOPIA30_I,Copia,LTR Retrotransposon
ATCOPIA30_LTR,Copia,LTR Retrotransposon
ATCOPIA31A_I,Copia,LTR Retrotransposon
ATCOPIA31A_LTR,Copia,LTR Retrotransposon
ATCOPIA31_I,Copia,LTR Retrotransposon
ATCOPIA31_LTR,Copia,LTR Retrotransposon
ATCOPIA32B_I,Copia,LTR Retrotransposon
ATCOPIA32B_LTR,Copia,LTR Retrotransposon
ATCOPIA32_I,Copia,LTR Retrotransposon
ATCOPIA32_LTR,Copia,LTR Retrotransposon
ATCOPIA33_I,Copia,LTR Retrotransposon
ATCOPIA33_LTR,Copia,LTR Retrotransposon
ATCOPIA34_I,Copia,LTR Retrotransposon
ATCOPIA34_LTR,Copia,LTR Retrotransposon
ATCOPIA35_I,Copia,LTR Retrotransposon
ATCOPIA35_LTR,Copia,LTR Retrotransposon
ATCOPIA36_I,Copia,LTR Retrotransposon
ATCOPIA36_LTR,Copia,LTR Retrotransposon
ATCOPIA37_I,Copia,LTR Retrotransposon
ATCOPIA37_LTR,Copia,LTR Retrotransposon
ATCOPIA38ALTR,Copia,LTR Retrotransposon
ATCOPIA38A_I,Copia,LTR Retrotransposon
ATCOPIA38B_I,Copia,LTR Retrotransposon
ATCOPIA38B_LTR,Copia,LTR Retrotransposon
ATCOPIA38_I,Copia,LTR Retrotransposon
ATCOPIA38_LTR,Copia,LTR Retrotransposon
ATCOPIA39_I,Copia,LTR Retrotransposon
ATCOPIA39_LTR,Copia,LTR Retrotransposon
ATCOPIA3I,Copia,LTR Retrotransposon
ATCOPIA3LTR,Copia,LTR Retrotransposon
ATCOPIA40_I,Copia,LTR Retrotransposon
ATCOPIA40_LTR,Copia,LTR Retrotransposon
ATCOPIA41I,Copia,LTR Retrotransposon
ATCOPIA41LTR,Copia,LTR Retrotransposon
ATCOPIA42I,Copia,LTR Retrotransposon
ATCOPIA42LTR,Copia,LTR Retrotransposon
ATCOPIA43I,Copia,LTR Retrotransposon
ATCOPIA43LTR,Copia,LTR Retrotransposon
ATCOPIA44LTR,Copia,LTR Retrotransposon
ATCOPIA44_I,Copia,LTR Retrotransposon
ATCOPIA45LTR,Copia,LTR Retrotransposon
ATCOPIA45_I,Copia,LTR Retrotransposon
ATCOPIA46LTR,Copia,LTR Retrotransposon
ATCOPIA46_I,Copia,LTR Retrotransposon
ATCOPIA47LTR,Copia,LTR Retrotransposon
ATCOPIA47_I,Copia,LTR Retrotransposon
ATCOPIA48LTR,Copia,LTR Retrotransposon
ATCOPIA48_I,Copia,LTR Retrotransposon
ATCOPIA49LTR,Copia,LTR Retrotransposon
ATCOPIA49_I,Copia,LTR Retrotransposon
ATCOPIA4I,Copia,LTR Retrotransposon
ATCOPIA4LTR,Copia,LTR Retrotransposon
ATCOPIA50LTR,Copia,LTR Retrotransposon
ATCOPIA50_I,Copia,LTR Retrotransposon
ATCOPIA51LTR,Copia,LTR Retrotransposon
ATCOPIA51_I,Copia,LTR Retrotransposon
ATCOPIA52LTR,Copia,LTR Retrotransposon
ATCOPIA52_I,Copia,LTR Retrotransposon
ATCOPIA53LTR,Copia,LTR Retrotransposon
ATCOPIA53_I,Copia,LTR Retrotransposon
ATCOPIA54LTR,Copia,LTR Retrotransposon
ATCOPIA54_I,Copia,LTR Retrotransposon
ATCOPIA55LTR,Copia,LTR Retrotransposon
ATCOPIA55_I,Copia,LTR Retrotransposon
ATCOPIA56LTR,Copia,LTR Retrotransposon
ATCOPIA56_I,Copia,LTR Retrotransposon
ATCOPIA57LTR,Copia,LTR Retrotransposon
ATCOPIA57_I,Copia,LTR Retrotransposon
ATCOPIA58LTR,Copia,LTR Retrotransposon
ATCOPIA58_I,Copia,LTR Retrotransposon
ATCOPIA59LTR,Copia,LTR Retrotransposon
ATCOPIA59_I,Copia,LTR Retrotransposon
ATCOPIA5I,Copia,LTR Retrotransposon
ATCOPIA5LTR,Copia,LTR Retrotransposon
ATCOPIA60LTR,Copia,LTR Retrotransposon
ATCOPIA60_I,Copia,LTR Retrotransposon
ATCOPIA61LTR,Copia,LTR Retrotransposon
ATCOPIA61_I,Copia,LTR Retrotransposon
ATCOPIA62LTR,Copia,LTR Retrotransposon
ATCOPIA62_I,Copia,LTR Retrotransposon
ATCOPIA63LTR,Copia,LTR Retrotransposon
ATCOPIA63_I,Copia,LTR Retrotransposon
ATCOPIA64LTR,Copia,LTR Retrotransposon
ATCOPIA64_I,Copia,LTR Retrotransposon
ATCOPIA65ALTR,Copia,LTR Retrotransposon
ATCOPIA65A_I,Copia,LTR Retrotransposon
ATCOPIA65LTR,Copia,LTR Retrotransposon
ATCOPIA65_I,Copia,LTR Retrotransposon
ATCOPIA66LTR,Copia,LTR Retrotransposon
ATCOPIA66_I,Copia,LTR Retrotransposon
ATCOPIA67LTR,Copia,LTR Retrotransposon
ATCOPIA67_I,Copia,LTR Retrotransposon
ATCOPIA68B_I,Copia,LTR Retrotransposon
ATCOPIA68B_LTR,Copia,LTR Retrotransposon
ATCOPIA68LTR,Copia,LTR Retrotransposon
ATCOPIA68_I,Copia,LTR Retrotransposon
ATCOPIA69A_I,Copia,LTR Retrotransposon
ATCOPIA69A_LTR,Copia,LTR Retrotransposon
ATCOPIA69B_I,Copia,LTR Retrotransposon
ATCOPIA69B_LTR,Copia,LTR Retrotransposon
ATCOPIA69LTR,Copia,LTR Retrotransposon
ATCOPIA69_I,Copia,LTR Retrotransposon
ATCOPIA6I,Copia,LTR Retrotransposon
ATCOPIA6LTR,Copia,LTR Retrotransposon
ATCOPIA70LTR,Copia,LTR Retrotransposon
ATCOPIA70_I,Copia,LTR Retrotransposon
ATCOPIA71LTR,Copia,LTR Retrotransposon
ATCOPIA71_I,Copia,LTR Retrotransposon
ATCOPIA72LTR,Copia,LTR Retrotransposon
ATCOPIA72_I,Copia,LTR Retrotransposon
ATCOPIA73LTR,Copia,LTR Retrotransposon
ATCOPIA73_I,Copia,LTR Retrotransposon
ATCOPIA74LTR,Copia,LTR Retrotransposon
ATCOPIA74_I,Copia,LTR Retrotransposon
ATCOPIA75LTR,Copia,LTR Retrotransposon
ATCOPIA75_I,Copia,LTR Retrotransposon
ATCOPIA76LTR,Copia,LTR Retrotransposon
ATCOPIA76_I,Copia,LTR Retrotransposon
ATCOPIA77LTR,Copia,LTR Retrotransposon
ATCOPIA77_I,Copia,LTR Retrotransposon
ATCOPIA78LTR,Copia,LTR Retrotransposon
ATCOPIA78_I,Copia,LTR Retrotransposon
ATCOPIA79B_I,Copia,LTR Retrotransposon
ATCOPIA79B_LTR,Copia,LTR Retrotransposon
ATCOPIA79LTR,Copia,LTR Retrotransposon
ATCOPIA79_I,Copia,LTR Retrotransposon
ATCOPIA7I,Copia,LTR Retrotransposon
ATCOPIA7LTR,Copia,LTR Retrotransposon
ATCOPIA80LTR,Copia,LTR Retrotransposon
ATCOPIA80_I,Copia,LTR Retrotransposon
ATCOPIA81LTR,Copia,LTR Retrotransposon
ATCOPIA81_I,Copia,LTR Retrotransposon
ATCOPIA82LTR,Copia,LTR Retrotransposon
ATCOPIA82_I,Copia,LTR Retrotransposon
ATCOPIA83LTR,Copia,LTR Retrotransposon
ATCOPIA83_I,Copia,LTR Retrotransposon
ATCOPIA84LTR,Copia,LTR Retrotransposon
ATCOPIA84_I,Copia,LTR Retrotransposon
ATCOPIA85LTR,Copia,LTR Retrotransposon
ATCOPIA85_I,Copia,LTR Retrotransposon
ATCOPIA86LTR,Copia,LTR Retrotransposon
ATCOPIA86_I,Copia,LTR Retrotransposon
ATCOPIA87LTR,Copia,LTR Retrotransposon
ATCOPIA87_I,Copia,LTR Retrotransposon
ATCOPIA88LTR,Copia,LTR Retrotransposon
ATCOPIA88_I,Copia,LTR Retrotransposon
ATCOPIA89LTR,Copia,LTR Retrotransposon
ATCOPIA89_I,Copia,LTR Retrotransposon
ATCOPIA8AI,Copia,LTR Retrotransposon
ATCOPIA8ALTR,Copia,LTR Retrotransposon
ATCOPIA8BI,Copia,LTR Retrotransposon
ATCOPIA8BLTR,Copia,LTR Retrotransposon
ATCOPIA90LTR,Copia,LTR Retrotransposon
ATCOPIA90_I,Copia,LTR Retrotransposon
ATCOPIA91LTR,Copia,LTR Retrotransposon
ATCOPIA91_I,Copia,LTR Retrotransposon
ATCOPIA92LTR,Copia,LTR Retrotransposon
ATCOPIA92_I,Copia,LTR Retrotransposon
ATCOPIA93LTR,Copia,LTR Retrotransposon
ATCOPIA93_I,Copia,LTR Retrotransposon
ATCOPIA94LTR,Copia,LTR Retrotransposon
ATCOPIA94_I,Copia,LTR Retrotransposon
ATCOPIA95LTR,Copia,LTR Retrotransposon
ATCOPIA95_I,Copia,LTR Retrotransposon
ATCOPIA96LTR,Copia,LTR Retrotransposon
ATCOPIA96_I,Copia,LTR Retrotransposon
ATCOPIA97I,Copia,LTR Retrotransposon
ATCOPIA97LTR,Copia,LTR Retrotransposon
ATCOPIA9I,Copia,LTR Retrotransposon
ATCOPIA9LTR,Copia,LTR Retrotransposon
ATCOPIN_I,other,other
ATCOPIN_LTR,other,other
ATDNA12T3A,other,other
ATDNA1T9A,MuDR,DNA transposon
ATDNA2T9A,MuDR,DNA transposon
ATDNA2T9B,MuDR,DNA transposon
ATDNA2T9C,MuDR,DNA transposon
ATDNAI26T9,MuDR,DNA transposon
ATDNAI27T9A,MuDR,DNA transposon
ATDNAI27T9B,MuDR,DNA transposon
ATDNAI27T9C,MuDR,DNA transposon
ATDNATA1,Mariner/Tc1,DNA transposon
ATENSPM1,EnSpm/CACTA,DNA transposon
ATENSPM10,EnSpm/CACTA,DNA transposon
ATENSPM11,EnSpm/CACTA,DNA transposon
ATENSPM12,EnSpm/CACTA,DNA transposon
ATENSPM1A,EnSpm/CACTA,DNA transposon
ATENSPM2,EnSpm/CACTA,DNA transposon
ATENSPM3,EnSpm/CACTA,DNA transposon
ATENSPM4,EnSpm/CACTA,DNA transposon
ATENSPM5,EnSpm/CACTA,DNA transposon
ATENSPM6,EnSpm/CACTA,DNA transposon
ATENSPM7,EnSpm/CACTA,DNA transposon
ATENSPM8,EnSpm/CACTA,DNA transposon
ATENSPM9,EnSpm/CACTA,DNA transposon
ATGP10LTR,Gypsy,LTR Retrotransposon
ATGP10_I,Gypsy,LTR Retrotransposon
ATGP11_I,Gypsy,LTR Retrotransposon
ATGP11_LTR,Gypsy,LTR Retrotransposon
ATGP1I,Gypsy,LTR Retrotransposon
ATGP1LTR,Gypsy,LTR Retrotransposon
ATGP2I,Gypsy,LTR Retrotransposon
ATGP2LTR,Gypsy,LTR Retrotransposon
ATGP2NLTR,Gypsy,LTR Retrotransposon
ATGP2N_I,Gypsy,LTR Retrotransposon
ATGP3A_I,Gypsy,LTR Retrotransposon
ATGP3A_LTR,Gypsy,LTR Retrotransposon
ATGP3B_I,Gypsy,LTR Retrotransposon
ATGP3B_LTR,Gypsy,LTR Retrotransposon
ATGP3I,Gypsy,LTR Retrotransposon
ATGP3LTR,Gypsy,LTR Retrotransposon
ATGP4_I,Gypsy,LTR Retrotransposon
ATGP4_LTR,Gypsy,LTR Retrotransposon
ATGP5A_I,Gypsy,LTR Retrotransposon
ATGP5A_LTR,Gypsy,LTR Retrotransposon
ATGP5I,Gypsy,LTR Retrotransposon
ATGP5LTR,Gypsy,LTR Retrotransposon
ATGP6I,Gypsy,LTR Retrotransposon
ATGP6LTR,Gypsy,LTR Retrotransposon
ATGP7I,Gypsy,LTR Retrotransposon
ATGP7LTR,Gypsy,LTR Retrotransposon
ATGP8I,Gypsy,LTR Retrotransposon
ATGP8LTR,Gypsy,LTR Retrotransposon
ATGP9BI,Gypsy,LTR Retrotransposon
ATGP9BLTR,Gypsy,LTR Retrotransposon
ATGP9LTR,Gypsy,LTR Retrotransposon
ATHAT1,hAT,DNA transposon
ATHAT10,hAT,DNA transposon
ATHAT2,hAT,DNA transposon
ATHAT3,hAT,DNA transposon
ATHAT7,hAT,DNA transposon
ATHAT8,hAT,DNA transposon
ATHAT9,hAT,DNA transposon
ATHATN1,hAT,DNA transposon
ATHATN10,hAT,DNA transposon
ATHATN2,hAT,DNA transposon
ATHATN3,hAT,DNA transposon
ATHATN3A,hAT,DNA transposon
ATHATN4,hAT,DNA transposon
ATHATN5,hAT,DNA transposon
ATHATN6,hAT,DNA transposon
ATHATN7,hAT,DNA transposon
ATHATN8,hAT,DNA transposon
ATHATN9,hAT,DNA transposon
ATHILA0B_I,Gypsy,LTR Retrotransposon
ATHILA0_I,Gypsy,LTR Retrotransposon
ATHILA2_I,Gypsy,LTR Retrotransposon
ATHILA2_LTR,Gypsy,LTR Retrotransposon
ATHILA3_I,Gypsy,LTR Retrotransposon
ATHILA3_LTR,Gypsy,LTR Retrotransposon
ATHILA4A_I,Gypsy,LTR Retrotransposon
ATHILA4A_LTR,Gypsy,LTR Retrotransposon
ATHILA4B_LTR,Gypsy,LTR Retrotransposon
ATHILA4C_I,Gypsy,LTR Retrotransposon
ATHILA4C_LTR,Gypsy,LTR Retrotransposon
ATHILA4D_I,Gypsy,LTR Retrotransposon
ATHILA4D_LTR,Gypsy,LTR Retrotransposon
ATHILA4_I,Gypsy,LTR Retrotransposon
ATHILA4_LTR,Gypsy,LTR Retrotransposon
ATHILA5_I,Gypsy,LTR Retrotransposon
ATHILA5_LTR,Gypsy,LTR Retrotransposon
ATHILA6A_I,Gypsy,LTR Retrotransposon
ATHILA6A_LTR,Gypsy,LTR Retrotransposon
ATHILA6B_I,Gypsy,LTR Retrotransposon
ATHILA6C_I,Gypsy,LTR Retrotransposon
ATHILA6C_LTR,Gypsy,LTR Retrotransposon
ATHILA6D_I,Gypsy,LTR Retrotransposon
ATHILA7A_I,Gypsy,LTR Retrotransposon
ATHILA7LTR,Gypsy,LTR Retrotransposon
ATHILA7_I,Gypsy,LTR Retrotransposon
ATHILA8ALTR,Gypsy,LTR Retrotransposon
ATHILA8A_I,Gypsy,LTR Retrotransposon
ATHILA8BLTR,Gypsy,LTR Retrotransposon
ATHILA8B_I,Gypsy,LTR Retrotransposon
ATHILA_I,Gypsy,LTR Retrotransposon
ATHILA_LTR,Gypsy,LTR Retrotransposon
ATHPOGO,Mariner/Tc1,DNA transposon
ATHPOGON1,Mariner/Tc1,DNA transposon
ATHPOGON2,Mariner/Tc1,DNA transposon
ATHPOGON3,Mariner/Tc1,DNA transposon
ATIS112A,Harbinger,DNA transposon
ATLANTYS1_I,Gypsy,LTR Retrotransposon
ATLANTYS1_LTR,Gypsy,LTR Retrotransposon
ATLANTYS2B_I,Gypsy,LTR Retrotransposon
ATLANTYS2B_LTR,Gypsy,LTR Retrotransposon
ATLANTYS2_I,Gypsy,LTR Retrotransposon
ATLANTYS2_LTR,Gypsy,LTR Retrotransposon
ATLANTYS3I,Gypsy,LTR Retrotransposon
ATLANTYS3LTR,Gypsy,LTR Retrotransposon
ATLINE1A,other,other
ATLINE1_1,L1,Non-LTR Retrotransposon
ATLINE1_10,L1,Non-LTR Retrotransposon
ATLINE1_10A,L1,Non-LTR Retrotransposon
ATLINE1_11,other,other
ATLINE1_12,L1,Non-LTR Retrotransposon
ATLINE1_2,L1,Non-LTR Retrotransposon
ATLINE1_3A,L1,Non-LTR Retrotransposon
ATLINE1_4,L1,Non-LTR Retrotransposon
ATLINE1_5,L1,Non-LTR Retrotransposon
ATLINE1_6,L1,Non-LTR Retrotransposon
ATLINE1_7,other,other
ATLINE1_8,other,other
ATLINE1_9,other,other
ATLINE2,L1,Non-LTR Retrotransposon
ATLINEIII,L1,Non-LTR Retrotransposon
ATMU1,MuDR,DNA transposon
ATMU10,MuDR,DNA transposon
ATMU11,MuDR,DNA transposon
ATMU12,MuDR,DNA transposon
ATMU13,MuDR,DNA transposon
ATMU2,MuDR,DNA transposon
ATMU3,MuDR,DNA transposon
ATMU3N1,MuDR,DNA transposon
ATMU4,MuDR,DNA transposon
ATMU5,MuDR,DNA transposon
ATMU6,MuDR,DNA transposon
ATMU6N1,MuDR,DNA transposon
ATMU7,MuDR,DNA transposon
ATMU8,MuDR,DNA transposon
ATMU9,MuDR,DNA transposon
ATMUN1,MuDR,DNA transposon
ATMUN2,MuDR,DNA transposon
ATMUNX1,MuDR,DNA transposon
ATN9_1,MuDR,DNA transposon
ATRAN-I,other,other
ATRAN-LTR,other,other
ATRE1_I,Copia,LTR Retrotransposon
ATRE1_LTR,Copia,LTR Retrotransposon
ATREP1,Helitron,DNA transposon
ATREP10,Helitron,DNA transposon
ATREP10A,Helitron,DNA transposon
ATREP10B,Helitron,DNA transposon
ATREP10C,Helitron,DNA transposon
ATREP10D,Helitron,DNA transposon
ATREP11,Helitron,DNA transposon
ATREP11A,Helitron,DNA transposon
ATREP12,Helitron,DNA transposon
ATREP13,Helitron,DNA transposon
ATREP14,Helitron,DNA transposon
ATREP15,Helitron,DNA transposon
ATREP16,other,other
ATREP17,other,other
ATREP2,Helitron,DNA transposon
ATREP20,Helitron,DNA transposon
ATREP21,Helitron,DNA transposon
ATREP2A,Helitron,DNA transposon
ATREP3,Helitron,DNA transposon
ATREP3b,Helitron,DNA transposon
ATREP4,Helitron,DNA transposon
ATREP5,Helitron,DNA transposon
ATREP6,Helitron,DNA transposon
ATREP7,Helitron,DNA transposon
ATREP8,Helitron,DNA transposon
ATREP9,Helitron,DNA transposon
ATREPX1,Helitron,DNA transposon
AtSB2,SINE,Non-LTR Retrotransposon
AtSB3,SINE,Non-LTR Retrotransposon
AtSB4,SINE,Non-LTR Retrotransposon
AtSB5,SINE,Non-LTR Retrotransposon
AtSB6,SINE,Non-LTR Retrotransposon
ATSINE2A,other,other
ATTIR16T3A,Harbinger,DNA transposon
ATTIRTA1,Mariner/Tc1,DNA transposon
ATTIRX1A,Harbinger,DNA transposon
ATTIRX1B,Harbinger,DNA transposon
ATTIRX1C,Harbinger,DNA transposon
ATTIRX1D,Harbinger,DNA transposon
BOMZH1,MuDR,DNA transposon
BOMZH2,MuDR,DNA transposon
BRODYAGA1,MuDR,DNA transposon
BRODYAGA1A,MuDR,DNA transposon
BRODYAGA2,other,other
Cassandra-1_AT-I,other,other
Cassandra-1_AT-LTR,other,other
Cassandra_AT-I,other,other
Cassandra_AT-LTR,other,other
CASTOR_I,Copia,LTR Retrotransposon
CASTOR_LTR,Copia,LTR Retrotransposon
Chester-1,EnSpm/CACTA,DNA transposon
Copia-10_AT-I,Copia,LTR Retrotransposon
Copia-10_AT-LTR,Copia,LTR Retrotransposon
Copia-11_AT-I,Copia,LTR Retrotransposon
Copia-11_AT-LTR,Copia,LTR Retrotransposon
Copia-12_AT-I,Copia,LTR Retrotransposon
Copia-12_AT-LTR,Copia,LTR Retrotransposon
Copia-13_AT-I,Copia,LTR Retrotransposon
Copia-14_AT-I,Copia,LTR Retrotransposon
Copia-14_AT-LTR,Copia,LTR Retrotransposon
Copia-15B_AT-I,Copia,LTR Retrotransposon
Copia-15B_AT-LTR,Copia,LTR Retrotransposon
Copia-15_AT-I,Copia,LTR Retrotransposon
Copia-15_AT-LTR,Copia,LTR Retrotransposon
Copia-16_AT-I,Copia,LTR Retrotransposon
Copia-16_AT-LTR,Copia,LTR Retrotransposon
Copia-17_AT-I,Copia,LTR Retrotransposon
Copia-17_AT-LTR,Copia,LTR Retrotransposon
Copia-18_AT-I,Copia,LTR Retrotransposon
Copia-18_AT-LTR,Copia,LTR Retrotransposon
Copia-19B_AT-I,Copia,LTR Retrotransposon
Copia-19B_AT-LTR,Copia,LTR Retrotransposon
Copia-19_AT-I,Copia,LTR Retrotransposon
Copia-19_AT-LTR,Copia,LTR Retrotransposon
Copia-1_AT-I,Copia,LTR Retrotransposon
Copia-1_AT-LTR,Copia,LTR Retrotransposon
Copia-20_AT-I,Copia,LTR Retrotransposon
Copia-20_AT-LTR,Copia,LTR Retrotransposon
Copia-21_AT-I,Copia,LTR Retrotransposon
Copia-21_AT-LTR,Copia,LTR Retrotransposon
Copia-22_AT-I,Copia,LTR Retrotransposon
Copia-22_AT-LTR,Copia,LTR Retrotransposon
Copia-23_AT-I,Copia,LTR Retrotransposon
Copia-23_AT-LTR,Copia,LTR Retrotransposon
Copia-24_AT-I,Copia,LTR Retrotransposon
Copia-24_AT-LTR,Copia,LTR Retrotransposon
Copia-25_AT-I,Copia,LTR Retrotransposon
Copia-25_AT-LTR,Copia,LTR Retrotransposon
Copia-26_AT-I,Copia,LTR Retrotransposon
Copia-26_AT-LTR,Copia,LTR Retrotransposon
Copia-27_AT-I,Copia,LTR Retrotransposon
Copia-27_AT-LTR,Copia,LTR Retrotransposon
Copia-28_AT-I,Copia,LTR Retrotransposon
Copia-28_AT-LTR,Copia,LTR Retrotransposon
Copia-29_AT-I,Copia,LTR Retrotransposon
Copia-29_AT-LTR,Copia,LTR Retrotransposon
Copia-2_AT-I,Copia,LTR Retrotransposon
Copia-2_AT-LTR,Copia,LTR Retrotransposon
Copia-30_AT-I,Copia,LTR Retrotransposon
Copia-30_AT-LTR,Copia,LTR Retrotransposon
Copia-31_AT-I,Copia,LTR Retrotransposon
Copia-31_AT-LTR,Copia,LTR Retrotransposon
Copia-32_AT-I,Copia,LTR Retrotransposon
Copia-32_AT-LTR,Copia,LTR Retrotransposon
Copia-33_AT-I,Copia,LTR Retrotransposon
Copia-33_AT-LTR,Copia,LTR Retrotransposon
Copia-34_AT-I,Copia,LTR Retrotransposon
Copia-35_AT-I,Copia,LTR Retrotransposon
Copia-35_AT-LTR,Copia,LTR Retrotransposon
Copia-36_AT-I,Copia,LTR Retrotransposon
Copia-36_AT-LTR,Copia,LTR Retrotransposon
Copia-37_AT-I,Copia,LTR Retrotransposon
Copia-37_AT-LTR,Copia,LTR Retrotransposon
Copia-38_AT-I,Copia,LTR Retrotransposon
Copia-38_AT-LTR,Copia,LTR Retrotransposon
Copia-39_AT-I,Copia,LTR Retrotransposon
Copia-39_AT-LTR,Copia,LTR Retrotransposon
Copia-3_AT-I,Copia,LTR Retrotransposon
Copia-3_AT-LTR,Copia,LTR Retrotransposon
Copia-40B_AT-I,Copia,LTR Retrotransposon
Copia-40B_AT-LTR,Copia,LTR Retrotransposon
Copia-40_AT-I,Copia,LTR Retrotransposon
Copia-40_AT-LTR,Copia,LTR Retrotransposon
Copia-41_AT-I,Copia,LTR Retrotransposon
Copia-41_AT-LTR,Copia,LTR Retrotransposon
Copia-42_AT-I,Copia,LTR Retrotransposon
Copia-42_AT-LTR,Copia,LTR Retrotransposon
Copia-43_AT-I,Copia,LTR Retrotransposon
Copia-43_AT-LTR,Copia,LTR Retrotransposon
Copia-44_AT-LTR,Copia,LTR Retrotransposon
Copia-45_AT-I,Copia,LTR Retrotransposon
Copia-45_AT-LTR,Copia,LTR Retrotransposon
Copia-46_AT-I,Copia,LTR Retrotransposon
Copia-46_AT-LTR,Copia,LTR Retrotransposon
Copia-47_AT-I,Copia,LTR Retrotransposon
Copia-47_AT-LTR,Copia,LTR Retrotransposon
Copia-48_AT-I,Copia,LTR Retrotransposon
Copia-48_AT-LTR,Copia,LTR Retrotransposon
Copia-49_AT-I,Copia,LTR Retrotransposon
Copia-49_AT-LTR,Copia,LTR Retrotransposon
Copia-4_AT-I,Copia,LTR Retrotransposon
Copia-4_AT-LTR,Copia,LTR Retrotransposon
Copia-50_AT-I,Copia,LTR Retrotransposon
Copia-50_AT-LTR,Copia,LTR Retrotransposon
Copia-51_AT-I,Copia,LTR Retrotransposon
Copia-51_AT-LTR,Copia,LTR Retrotransposon
Copia-52_AT-I,Copia,LTR Retrotransposon
Copia-52_AT-LTR,Copia,LTR Retrotransposon
Copia-5_AT-I,Copia,LTR Retrotransposon
Copia-5_AT-LTR,Copia,LTR Retrotransposon
Copia-6_AT-I,Copia,LTR Retrotransposon
Copia-6_AT-LTR,Copia,LTR Retrotransposon
Copia-7_AT-I,Copia,LTR Retrotransposon
Copia-7_AT-LTR,Copia,LTR Retrotransposon
Copia-8_AT-I,Copia,LTR Retrotransposon
Copia-8_AT-LTR,Copia,LTR Retrotransposon
Copia-9_AT-I,Copia,LTR Retrotransposon
Copia-9_AT-LTR,Copia,LTR Retrotransposon
DNA-1_AT,other,other
DNA-2_AT,other,other
DNA3-1_AT,other,other
DNA3-2_AT,other,other
DNA3-3_AT,other,other
DNA3-4_AT,other,other
DNA3-5_AT,other,other
DNA3-8_AT,other,other
DNA9-1_AT,other,other
DNA9-2_AT,other,other
DT1,Mariner/Tc1,DNA transposon
ENDOVIR1LTR,Copia,LTR Retrotransposon
ENDOVIR1_I,Copia,LTR Retrotransposon
EnSpm-1_AT,EnSpm/CACTA,DNA transposon
EnSpm-2_AT,EnSpm/CACTA,DNA transposon
EnSpm-3_AT,EnSpm/CACTA,DNA transposon
EnSpm-4_AT,EnSpm/CACTA,DNA transposon
EnSpm-5_AT,EnSpm/CACTA,DNA transposon
EnSpm-6_AT,EnSpm/CACTA,DNA transposon
Gypsy-10B_AT-I,Gypsy,LTR Retrotransposon
Gypsy-10B_AT-LTR,Gypsy,LTR Retrotransposon
Gypsy-10_AT-I,Gypsy,LTR Retrotransposon
Gypsy-10_AT-LTR,Gypsy,LTR Retrotransposon
Gypsy-11_AT-I,Gypsy,LTR Retrotransposon
Gypsy-11_AT-LTR,Gypsy,LTR Retrotransposon
Gypsy-12_AT-I,Gypsy,LTR Retrotransposon
Gypsy-12_AT-LTR,Gypsy,LTR Retrotransposon
Gypsy-13_AT-I,Gypsy,LTR Retrotransposon
Gypsy-13_AT-LTR,Gypsy,LTR Retrotransposon
Gypsy-14_AT-I,Gypsy,LTR Retrotransposon
Gypsy-14_AT-LTR,Gypsy,LTR Retrotransposon
Gypsy-15_AT-I,Gypsy,LTR Retrotransposon
Gypsy-15_AT-LTR,Gypsy,LTR Retrotransposon
Gypsy-16_AT-I,Gypsy,LTR Retrotransposon
Gypsy-16_AT-LTR,Gypsy,LTR Retrotransposon
Gypsy-17B_AT-I,Gypsy,LTR Retrotransposon
Gypsy-17B_AT-LTR,Gypsy,LTR Retrotransposon
Gypsy-17_AT-I,Gypsy,LTR Retrotransposon
Gypsy-17_AT-LTR,Gypsy,LTR Retrotransposon
Gypsy-18_AT-I,Gypsy,LTR Retrotransposon
Gypsy-18_AT-LTR,Gypsy,LTR Retrotransposon
Gypsy-19_AT-I,Gypsy,LTR Retrotransposon
Gypsy-19_AT-LTR,Gypsy,LTR Retrotransposon
Gypsy-1_AT-I,Gypsy,LTR Retrotransposon
Gypsy-1_AT-LTR,Gypsy,LTR Retrotransposon
Gypsy-20_AT-I,Gypsy,LTR Retrotransposon
Gypsy-20_AT-LTR,Gypsy,LTR Retrotransposon
Gypsy-21_AT-I,Gypsy,LTR Retrotransposon
Gypsy-22_AT-I,Gypsy,LTR Retrotransposon
Gypsy-23_AT-I,Gypsy,LTR Retrotransposon
Gypsy-23_AT-LTR,Gypsy,LTR Retrotransposon
Gypsy-24_AT-I,Gypsy,LTR Retrotransposon
Gypsy-24_AT-LTR,Gypsy,LTR Retrotransposon
Gypsy-25_AT-I,Gypsy,LTR Retrotransposon
Gypsy-25_AT-LTR,Gypsy,LTR Retrotransposon
Gypsy-26_AT-I,Gypsy,LTR Retrotransposon
Gypsy-26_AT-LTR,Gypsy,LTR Retrotransposon
Gypsy-27_AT-I,Gypsy,LTR Retrotransposon
Gypsy-28B_AT-LTR,Gypsy,LTR Retrotransposon
Gypsy-28_AT-I,Gypsy,LTR Retrotransposon
Gypsy-28_AT-LTR,Gypsy,LTR Retrotransposon
Gypsy-29_AT-I,Gypsy,LTR Retrotransposon
Gypsy-29_AT-LTR,Gypsy,LTR Retrotransposon
Gypsy-2_AT-I,Gypsy,LTR Retrotransposon
Gypsy-2_AT-LTR,Gypsy,LTR Retrotransposon
Gypsy-30_AT-I,Gypsy,LTR Retrotransposon
Gypsy-30_AT-LTR,Gypsy,LTR Retrotransposon
Gypsy-31_AT-I,Gypsy,LTR Retrotransposon
Gypsy-31_AT-LTR,Gypsy,LTR Retrotransposon
Gypsy-32_AT-I,Gypsy,LTR Retrotransposon
Gypsy-32_AT-LTR,Gypsy,LTR Retrotransposon
Gypsy-33_AT-I,Gypsy,LTR Retrotransposon
Gypsy-33_AT-LTR,Gypsy,LTR Retrotransposon
Gypsy-34_AT-I,Gypsy,LTR Retrotransposon
Gypsy-34_AT-LTR,Gypsy,LTR Retrotransposon
Gypsy-35_AT-I,Gypsy,LTR Retrotransposon
Gypsy-35_AT-LTR,Gypsy,LTR Retrotransposon
Gypsy-36_AT-I,Gypsy,LTR Retrotransposon
Gypsy-36_AT-LTR,Gypsy,LTR Retrotransposon
Gypsy-37B_AT-LTR,Gypsy,LTR Retrotransposon
Gypsy-37_AT-I,Gypsy,LTR Retrotransposon
Gypsy-37_AT-LTR,Gypsy,LTR Retrotransposon
Gypsy-38_AT-I,Gypsy,LTR Retrotransposon
Gypsy-38_AT-LTR,Gypsy,LTR Retrotransposon
Gypsy-39_AT-I,Gypsy,LTR Retrotransposon
Gypsy-39_AT-LTR,Gypsy,LTR Retrotransposon
Gypsy-3_AT-I,Gypsy,LTR Retrotransposon
Gypsy-3_AT-LTR,Gypsy,LTR Retrotransposon
Gypsy-40_AT-I,Gypsy,LTR Retrotransposon
Gypsy-40_AT-LTR,Gypsy,LTR Retrotransposon
Gypsy-41_AT-I,Gypsy,LTR Retrotransposon
Gypsy-41_AT-LTR,Gypsy,LTR Retrotransposon
Gypsy-42_AT-I,Gypsy,LTR Retrotransposon
Gypsy-42_AT-LTR,Gypsy,LTR Retrotransposon
Gypsy-43_AT-I,Gypsy,LTR Retrotransposon
Gypsy-43_AT-LTR,Gypsy,LTR Retrotransposon
Gypsy-44_AT-I,Gypsy,LTR Retrotransposon
Gypsy-44_AT-LTR,Gypsy,LTR Retrotransposon
Gypsy-45_AT-I,Gypsy,LTR Retrotransposon
Gypsy-45_AT-LTR,Gypsy,LTR Retrotransposon
Gypsy-46_AT-I,Gypsy,LTR Retrotransposon
Gypsy-46_AT-LTR,Gypsy,LTR Retrotransposon
Gypsy-47_AT-I,Gypsy,LTR Retrotransposon
Gypsy-47_AT-LTR,Gypsy,LTR Retrotransposon
Gypsy-48_AT-I,Gypsy,LTR Retrotransposon
Gypsy-48_AT-LTR,Gypsy,LTR Retrotransposon
Gypsy-49_AT-I,Gypsy,LTR Retrotransposon
Gypsy-49_AT-LTR,Gypsy,LTR Retrotransposon
Gypsy-4_AT-I,Gypsy,LTR Retrotransposon
Gypsy-50_AT-I,Gypsy,LTR Retrotransposon
Gypsy-50_AT-LTR,Gypsy,LTR Retrotransposon
Gypsy-51_AT-LTR,Gypsy,LTR Retrotransposon
Gypsy-52_AT-I,Gypsy,LTR Retrotransposon
Gypsy-52_AT-LTR,Gypsy,LTR Retrotransposon
Gypsy-53_AT-LTR,Gypsy,LTR Retrotransposon
Gypsy-54_AT-LTR,Gypsy,LTR Retrotransposon
Gypsy-55_AT-I,Gypsy,LTR Retrotransposon
Gypsy-55_AT-LTR,Gypsy,LTR Retrotransposon
Gypsy-56_AT-I,Gypsy,LTR Retrotransposon
Gypsy-56_AT-LTR,Gypsy,LTR Retrotransposon
Gypsy-57_AT-LTR,Gypsy,LTR Retrotransposon
Gypsy-58_AT-I,Gypsy,LTR Retrotransposon
Gypsy-58_AT-LTR,Gypsy,LTR Retrotransposon
Gypsy-59_AT-I,Gypsy,LTR Retrotransposon
Gypsy-59_AT-LTR,Gypsy,LTR Retrotransposon
Gypsy-5_AT-I,Gypsy,LTR Retrotransposon
Gypsy-5_AT-LTR,Gypsy,LTR Retrotransposon
Gypsy-60_AT-I,Gypsy,LTR Retrotransposon
Gypsy-60_AT-LTR,Gypsy,LTR Retrotransposon
Gypsy-61_AT-LTR,Gypsy,LTR Retrotransposon
Gypsy-6_AT-I,Gypsy,LTR Retrotransposon
Gypsy-6_AT-LTR,Gypsy,LTR Retrotransposon
Gypsy-7_AT-I,Gypsy,LTR Retrotransposon
Gypsy-7_AT-LTR,Gypsy,LTR Retrotransposon
Gypsy-9_AT-I,Gypsy,LTR Retrotransposon
Gypsy-9_AT-LTR,Gypsy,LTR Retrotransposon
HARBINGER,Harbinger,DNA transposon
Harbinger-1_AT,Harbinger,DNA transposon
Harbinger-2_AT,Harbinger,DNA transposon
Harbinger-3_AT,Harbinger,DNA transposon
Harbinger-4_AT,Harbinger,DNA transposon
Harbinger-5_AT,Harbinger,DNA transposon
Harbinger-N10_AT,Harbinger,DNA transposon
Harbinger-N11_AT,Harbinger,DNA transposon
Harbinger-N12_AT,Harbinger,DNA transposon
Harbinger-N13_AT,Harbinger,DNA transposon
Harbinger-N14_AT,Harbinger,DNA transposon
Harbinger-N15_AT,Harbinger,DNA transposon
Harbinger-N1_AT,Harbinger,DNA transposon
Harbinger-N2_AT,Harbinger,DNA transposon
Harbinger-N3_AT,Harbinger,DNA transposon
Harbinger-N4_AT,Harbinger,DNA transposon
Harbinger-N5_AT,Harbinger,DNA transposon
Harbinger-N6_AT,Harbinger,DNA transposon
Harbinger-N7_AT,Harbinger,DNA transposon
Harbinger-N8_AT,Harbinger,DNA transposon
Harbinger-N9_AT,Harbinger,DNA transposon
hAT-1_AT,hAT,DNA transposon
hAT-2_AT,hAT,DNA transposon
hAT-3_AT,hAT,DNA transposon
hAT-4_AT,hAT,DNA transposon
hAT-5N1_AT,hAT,DNA transposon
hAT-5N2_AT,hAT,DNA transposon
hAT-5_AT,hAT,DNA transposon
hAT-N4b_AT,hAT,DNA transposon
hAT-N4_AT,hAT,DNA transposon
hAT-N5_AT,hAT,DNA transposon
hAT-N6_AT,hAT,DNA transposon
hAT-N7_AT,hAT,DNA transposon
hAT-N8_AT,hAT,DNA transposon
Helitron-5_AT,Helitron,DNA transposon
Helitron-N1_AT,Helitron,DNA transposon
Helitron-N2_AT,Helitron,DNA transposon
Helitron-N3_AT,Helitron,DNA transposon
Helitron-N4_AT,Helitron,DNA transposon
Helitron-N5_AT,Helitron,DNA transposon
Helitron-N6_AT,Helitron,DNA transposon
Helitron-N7_AT,Helitron,DNA transposon
Helitron-N8_AT,Helitron,DNA transposon
Helitron-N9_AT,Helitron,DNA transposon
HELITRON1,Helitron,DNA transposon
HELITRON2,Helitron,DNA transposon
HELITRON3,Helitron,DNA transposon
HELITRON4,Helitron,DNA transposon
HELITRON5,Helitron,DNA transposon
HELITRONY1A,Helitron,DNA transposon
HELITRONY1B,Helitron,DNA transposon
HELITRONY1C,Helitron,DNA transposon
HELITRONY1D,Helitron,DNA transposon
HELITRONY1E,Helitron,DNA transposon
HELITRONY2,Helitron,DNA transposon
HELITRONY3,Helitron,DNA transposon
HELITRONY3A,Helitron,DNA transposon
L1-10_AT,L1,Non-LTR Retrotransposon
L1-11_AT,L1,Non-LTR Retrotransposon
L1-12_AT,L1,Non-LTR Retrotransposon
L1-13_AT,L1,Non-LTR Retrotransposon
L1-14_AT,L1,Non-LTR Retrotransposon
L1-15_AT,L1,Non-LTR Retrotransposon
L1-16_AT,L1,Non-LTR Retrotransposon
L1-17_AT,L1,Non-LTR Retrotransposon
L1-18_AT,L1,Non-LTR Retrotransposon
L1-19_AT,L1,Non-LTR Retrotransposon
L1-1_AT,L1,Non-LTR Retrotransposon
L1-20_AT,L1,Non-LTR Retrotransposon
L1-21_AT,L1,Non-LTR Retrotransposon
L1-22_AT,L1,Non-LTR Retrotransposon
L1-23_AT,L1,Non-LTR Retrotransposon
L1-24_AT,L1,Non-LTR Retrotransposon
L1-25_AT,L1,Non-LTR Retrotransposon
L1-26_AT,L1,Non-LTR Retrotransposon
L1-27_AT,L1,Non-LTR Retrotransposon
L1-28_AT,L1,Non-LTR Retrotransposon
L1-29_AT,L1,Non-LTR Retrotransposon
L1-2_AT,L1,Non-LTR Retrotransposon
L1-30_AT,L1,Non-LTR Retrotransposon
L1-31_AT,L1,Non-LTR Retrotransposon
L1-32_AT,L1,Non-LTR Retrotransposon
L1-33_AT,L1,Non-LTR Retrotransposon
L1-34_AT,L1,Non-LTR Retrotransposon
L1-35_AT,L1,Non-LTR Retrotransposon
L1-36_AT,L1,Non-LTR Retrotransposon
L1-37_AT,L1,Non-LTR Retrotransposon
L1-38_AT,L1,Non-LTR Retrotransposon
L1-39_AT,L1,Non-LTR Retrotransposon
L1-3_AT,L1,Non-LTR Retrotransposon
L1-40_AT,L1,Non-LTR Retrotransposon
L1-41_AT,L1,Non-LTR Retrotransposon
L1-42_AT,L1,Non-LTR Retrotransposon
L1-43_AT,L1,Non-LTR Retrotransposon
L1-44_AT,L1,Non-LTR Retrotransposon
L1-45_AT,L1,Non-LTR Retrotransposon
L1-46_AT,L1,Non-LTR Retrotransposon
L1-47_AT,L1,Non-LTR Retrotransposon
L1-48_AT,L1,Non-LTR Retrotransposon
L1-49_AT,L1,Non-LTR Retrotransposon
L1-4_AT,L1,Non-LTR Retrotransposon
L1-50_AT,L1,Non-LTR Retrotransposon
L1-51_AT,L1,Non-LTR Retrotransposon
L1-52_AT,L1,Non-LTR Retrotransposon
L1-53_AT,L1,Non-LTR Retrotransposon
L1-54_AT,L1,Non-LTR Retrotransposon
L1-55_AT,L1,Non-LTR Retrotransposon
L1-56_AT,L1,Non-LTR Retrotransposon
L1-57_AT,L1,Non-LTR Retrotransposon
L1-58_AT,L1,Non-LTR Retrotransposon
L1-59_AT,L1,Non-LTR Retrotransposon
L1-5_AT,L1,Non-LTR Retrotransposon
L1-60_AT,L1,Non-LTR Retrotransposon
L1-61_AT,L1,Non-LTR Retrotransposon
L1-62_AT,L1,Non-LTR Retrotransposon
L1-63_AT,L1,Non-LTR Retrotransposon
L1-64_AT,L1,Non-LTR Retrotransposon
L1-65_AT,L1,Non-LTR Retrotransposon
L1-66_AT,L1,Non-LTR Retrotransposon
L1-67_AT,L1,Non-LTR Retrotransposon
L1-68_AT,L1,Non-LTR Retrotransposon
L1-69_AT,L1,Non-LTR Retrotransposon
L1-6_AT,L1,Non-LTR Retrotransposon
L1-70_AT,L1,Non-LTR Retrotransposon
L1-71_AT,L1,Non-LTR Retrotransposon
L1-72_AT,L1,Non-LTR Retrotransposon
L1-73_AT,L1,Non-LTR Retrotransposon
L1-74_AT,L1,Non-LTR Retrotransposon
L1-75_AT,L1,Non-LTR Retrotransposon
L1-76_AT,L1,Non-LTR Retrotransposon
L1-77_AT,L1,Non-LTR Retrotransposon
L1-7_AT,L1,Non-LTR Retrotransposon
L1-8_AT,L1,Non-LTR Retrotransposon
L1-9_AT,L1,Non-LTR Retrotransposon
LIMPET1,MuDR,DNA transposon
LTR-1_AT-I,other,other
LTR-1_AT-LTR,other,other
LTR-2_AT-LTR,Copia,LTR Retrotransposon
LTR-3_AT-LTR,Copia,LTR Retrotransposon
LTR-4B_AT-I,other,other
LTR-4B_AT-LTR,other,other
LTR-4_AT-I,other,other
LTR-4_AT-LTR,other,other
LTR-5_AT-LTR,other,other
LTR-6_AT-I,other,other
LTR-6_AT-LTR,other,other
LTR-7_AT-LTR,other,other
Mariner-N1_AT,Mariner/Tc1,DNA transposon
Mariner-N2_AT,Mariner/Tc1,DNA transposon
Mariner-N3_AT,Mariner/Tc1,DNA transposon
META1_I,Copia,LTR Retrotransposon
META1_LTR,Copia,LTR Retrotransposon
MuDR-1_AT,MuDR,DNA transposon
MuDR-2_AT,MuDR,DNA transposon
MuDR-3_AT,MuDR,DNA transposon
MuDR-4_AT,MuDR,DNA transposon
MuDR-5_AT,MuDR,DNA transposon
MuDR-N10_AT,MuDR,DNA transposon
MuDR-N11_AT,MuDR,DNA transposon
MuDR-N12_AT,MuDR,DNA transposon
MuDR-N13_AT,MuDR,DNA transposon
MuDR-N14_AT,MuDR,DNA transposon
MuDR-N15_AT,MuDR,DNA transposon
MuDR-N16_AT,MuDR,DNA transposon
MuDR-N17_AT,MuDR,DNA transposon
MuDR-N18_AT,MuDR,DNA transposon
MuDR-N1B_AT,MuDR,DNA transposon
MuDR-N1_AT,MuDR,DNA transposon
MuDR-N2_AT,MuDR,DNA transposon
MuDR-N3_AT,MuDR,DNA transposon
MuDR-N4_AT,MuDR,DNA transposon
MuDR-N5_AT,MuDR,DNA transposon
MuDR-N6_AT,MuDR,DNA transposon
MuDR-N7_AT,MuDR,DNA transposon
MuDR-N8B_AT,MuDR,DNA transposon
MuDR-N8_AT,MuDR,DNA transposon
MuDR-N9_AT,MuDR,DNA transposon
NonLTR-1_AT,other,other
RP1_AT,Harbinger,DNA transposon
Sadhu1-1,other,other
Sadhu1-2,other,other
Sadhu1-3,other,other
Sadhu10-1,other,other
Sadhu2-1,other,other
Sadhu3-1,other,other
Sadhu3-2,other,other
Sadhu4-1,other,other
Sadhu4-2,other,other
Sadhu5-1,other,other
Sadhu5-2,other,other
Sadhu6-1,other,other
Sadhu7-1,other,other
Sadhu7-2,other,other
Sadhu8-1,other,other
Sadhu9-1,other,other
SIMPLEGUY1,Harbinger,DNA transposon
SIMPLEHAT1,hAT,DNA transposon
SIMPLEHAT2,hAT,DNA transposon
SINE-1_AT,other,other
SINE2-2_AT,SINE,Non-LTR Retrotransposon
TA1-2_I,Copia,LTR Retrotransposon
TA1-2_LTR,Copia,LTR Retrotransposon
TA11,L1,Non-LTR Retrotransposon
TA12,L1,Non-LTR Retrotransposon
TAG1,hAT,DNA transposon
TAG2,hAT,DNA transposon
TAG3N1,hAT,DNA transposon
TNAT1A,other,other
TNAT2A,other,other
TSCL,other,other
VANDAL1,MuDR,DNA transposon
VANDAL10,MuDR,DNA transposon
VANDAL11,MuDR,DNA transposon
VANDAL12,MuDR,DNA transposon
VANDAL13,MuDR,DNA transposon
VANDAL14,MuDR,DNA transposon
VANDAL15,MuDR,DNA transposon
VANDAL16,MuDR,DNA transposon
VANDAL17,MuDR,DNA transposon
VANDAL18,MuDR,DNA transposon
VANDAL18NA,MuDR,DNA transposon
VANDAL18NB,MuDR,DNA transposon
VANDAL1N1,MuDR,DNA transposon
VANDAL2,MuDR,DNA transposon
VANDAL20,MuDR,DNA transposon
VANDAL21,MuDR,DNA transposon
VANDAL22,MuDR,DNA transposon
VANDAL2N1,MuDR,DNA transposon
VANDAL3,MuDR,DNA transposon
VANDAL4,MuDR,DNA transposon
VANDAL5,MuDR,DNA transposon
VANDAL5A,MuDR,DNA transposon
VANDAL6,MuDR,DNA transposon
VANDAL7,MuDR,DNA transposon
VANDAL8,MuDR,DNA transposon
VANDAL9,MuDR,DNA transposon
VANDALNX1,MuDR,DNA transposon
